type,median,low95,high95,units
Water,0.026314522946526718,0.021101032575341825,0.031990871455524164,sum_ppb
Sediment,1.297478003010375,0.5885154214296608,3.387186622067354,sum_ppb
Detritus,2.018439241075559,1.0126263402290794,7.2706850153561176,sum_ppb
Seston,4.781080653756301,2.3323353997119605,14.242704024414559,sum_ppb
Biofilm,4.988913940543625,3.5554244175541343,7.093503451583421,sum_ppb
Larval,114.38529133720732,69.42212725231356,225.3696055316809,sum_ppb
Emergent,52.381234180076376,30.916256413643783,198.4416628604791,sum_ppb
Tetragnathidae,26.10614160374813,18.627089627021277,38.72706653317695,sum_ppb
